[
  {
    "Id": 1,
    "Picture": "src/folders/resources/images/story/blocked/png/1S2el3wJ3v.png",
    "User": "ScoreAntigarein"
  },
  {
    "Id": 2,
    "Picture": "src/folders/resources/images/story/reformatted/img/hRI3TW31rC.img",
    "User": "RoundAntigaBel"
  },
  {
    "Id": 3,
    "Picture": "src/folders/resources/images/profile/blocked/bmp/kjOJjKpKh4.bmp",
    "User": "AryaDenotehow"
  },
  {
    "Id": 4,
    "Picture": "src/folders/resources/images/mobile/blocked/digi/3ISlOl969f.digi",
    "User": "UnderSinduxrein"
  },
  {
    "Id": 5,
    "Picture": "src/folders/resources/images/profile/blocked/jpg/pgfMG75k4e.jpg",
    "User": "UnderSinduxrein"
  },
  {
    "Id": 6,
    "Picture": "src/folders/resources/images/uploads/timeline/jpeg/2BZvc3RXA2.jpeg",
    "User": "AryaNinehow"
  },
  {
    "Id": 7,
    "Picture": "src/folders/resources/images/mobile/blocked/digi/3ISlOl969f.digi",
    "User": "ScoreAntigarein"
  },
  {
    "Id": 8,
    "Picture": "src/folders/resources/images/post/timeline/png/27kLXVm22Q.png",
    "User": "WhatTerrorBel"
  },
  {
    "Id": 9,
    "Picture": "src/folders/resources/images/story/blocked/jpeg/6Zjri62vV7.jpeg",
    "User": "ZendArmyhow"
  },
  {
    "Id": 10,
    "Picture": "src/folders/resources/images/post/blocked/img/DTy126lX2w.img",
    "User": "TheDivineBel"
  },
  {
    "Id": 11,
    "Picture": "src/folders/resources/images/post/timeline/png/27kLXVm22Q.png",
    "User": "HighAsmahow"
  },
  {
    "Id": 12,
    "Picture": "src/folders/resources/images/profile/reformatted/img/W0ks4a39fb.img",
    "User": "RoundArmydsa"
  },
  {
    "Id": 13,
    "Picture": "src/folders/resources/images/profile/refined/jpg/g3BWLTG39t.jpg",
    "User": "AryaDenotehow"
  },
  {
    "Id": 14,
    "Picture": "src/folders/resources/images/post/infigured/digi/32L06LKKKG.digi",
    "User": "ScoreAntigarein"
  },
  {
    "Id": 15,
    "Picture": "src/folders/resources/images/post/formed/jpg/5eEjkxhYd3.jpg",
    "User": "ScoreAntigarein"
  },
  {
    "Id": 16,
    "Picture": "src/folders/resources/images/post/infigured/jpeg/F665808Atc.jpeg",
    "User": "HighAsmahow"
  },
  {
    "Id": 17,
    "Picture": "src/folders/resources/images/post/formed/jpg/5eEjkxhYd3.jpg",
    "User": "AryaDenotehow"
  },
  {
    "Id": 18,
    "Picture": "src/folders/resources/images/post/timeline/png/27kLXVm22Q.png",
    "User": "ScoreAntigarein"
  },
  {
    "Id": 19,
    "Picture": "src/folders/resources/images/story/reformatted/jpg/y3tGM8E88H.jpg",
    "User": "WhatTerrorBel"
  },
  {
    "Id": 20,
    "Picture": "src/folders/resources/images/uploads/formed/vga/E5c2G5rHLF.vga",
    "User": "ZendArmyhow"
  },
  {
    "Id": 21,
    "Picture": "src/folders/resources/images/post/formed/vga/fO9Sp94k4K.vga",
    "User": "RoundAntigaBel"
  },
  {
    "Id": 22,
    "Picture": "src/folders/resources/images/post/infigured/vga/2vt1VWUuq3.vga",
    "User": "HighAsmahow"
  },
  {
    "Id": 23,
    "Picture": "src/folders/resources/images/story/blocked/png/1S2el3wJ3v.png",
    "User": "DarkImmagidsa"
  },
  {
    "Id": 24,
    "Picture": "src/folders/resources/images/profile/blocked/jpeg/fB3x0NwaNY.jpeg",
    "User": "ScoreAntigarein"
  },
  {
    "Id": 25,
    "Picture": "src/folders/resources/images/profile/blocked/jpg/pgfMG75k4e.jpg",
    "User": "HighAsmahow"
  },
  {
    "Id": 26,
    "Picture": "src/folders/resources/images/story/refined/digi/CZVLmmtd5Y.digi",
    "User": "BlaSinduxrein"
  },
  {
    "Id": 27,
    "Picture": "src/folders/resources/images/post/infigured/vga/73VdtF2MRV.vga",
    "User": "ScoreAntigarein"
  }
]